<?xml version="1.0" encoding="UTF-8"?>
<project-private xmlns="http://www.netbeans.org/ns/project-private/1">
    <editor-bookmarks xmlns="http://www.netbeans.org/ns/editor-bookmarks/2" lastBookmarkId="0"/>
    <open-files xmlns="http://www.netbeans.org/ns/projectui-open-files/2">
        <group>
            <file>file:/H:/neatbeans/corejava/src/corejava/Q6.java</file>
            <file>file:/H:/neatbeans/corejava/src/corejava/Q3.java</file>
            <file>file:/H:/neatbeans/corejava/src/corejava/Q9.java</file>
            <file>file:/H:/neatbeans/corejava/src/corejava/gen.java</file>
            <file>file:/H:/neatbeans/corejava/src/corejava/Q1.java</file>
            <file>file:/H:/neatbeans/corejava/src/corejava/Q5.java</file>
            <file>file:/H:/neatbeans/corejava/src/BreakP.java</file>
            <file>file:/H:/neatbeans/corejava/src/corejava/Q2.java</file>
            <file>file:/H:/neatbeans/corejava/src/corejava/Q7.java</file>
            <file>file:/H:/neatbeans/corejava/src/corejava/Q8.java</file>
            <file>file:/H:/neatbeans/corejava/src/corejava/Q4.java</file>
            <file>file:/H:/neatbeans/corejava/src/corejava/Q10.java</file>
        </group>
    </open-files>
</project-private>
