<?xml version="1.0" encoding="UTF-8"?>
<project-private xmlns="http://www.netbeans.org/ns/project-private/1">
    <editor-bookmarks xmlns="http://www.netbeans.org/ns/editor-bookmarks/2" lastBookmarkId="0"/>
    <open-files xmlns="http://www.netbeans.org/ns/projectui-open-files/2">
        <group>
            <file>file:/H:/neatbeans/Edac/src/exam1/Array5.java</file>
            <file>file:/H:/neatbeans/Edac/src/edac/Edac.java</file>
            <file>file:/H:/neatbeans/Edac/src/newpackage/Array5.java</file>
            <file>file:/H:/neatbeans/Edac/src/edac/HalfPyramid.java</file>
            <file>file:/H:/neatbeans/Edac/src/edac/HollowInvertedPyramid.java</file>
            <file>file:/H:/neatbeans/Edac/src/edac/Pattern2.java</file>
            <file>file:/H:/neatbeans/Edac/src/Octstring3/StringTest2.java</file>
            <file>file:/H:/neatbeans/Edac/src/edac/InvertedPyramid.java</file>
            <file>file:/H:/neatbeans/Edac/src/Oct2/PrimeNo3.java</file>
            <file>file:/H:/neatbeans/Edac/src/StringPractice.java</file>
            <file>file:/H:/neatbeans/Edac/src/newpackage/While1.java</file>
            <file>file:/H:/neatbeans/Edac/src/newpackage/ExceptionTest.java</file>
            <file>file:/H:/neatbeans/Edac/src/edac/Pattern1.java</file>
            <file>file:/H:/neatbeans/Edac/src/exam1/Q3.java</file>
            <file>file:/H:/neatbeans/Edac/src/Oct2/MathOp.java</file>
            <file>file:/H:/neatbeans/Edac/src/Oct2/Oct2.java</file>
            <file>file:/H:/neatbeans/Edac/src/edac/Oct1.java</file>
            <file>file:/H:/neatbeans/Edac/src/exam1/pyramid.java</file>
            <file>file:/H:/neatbeans/Edac/src/Oct2/EvenOdd.java</file>
            <file>file:/H:/neatbeans/Edac/src/Oct2/EmployeeTest2.java</file>
            <file>file:/H:/neatbeans/Edac/src/exam1/Hackker.java</file>
            <file>file:/H:/neatbeans/Edac/src/newpackage/MyExceptionDemo.java</file>
            <file>file:/H:/neatbeans/Edac/src/Octstring3/Box2.java</file>
            <file>file:/H:/neatbeans/Edac/src/newpackage/Array.java</file>
            <file>file:/H:/neatbeans/Edac/src/edac/invertedPyramidPattern7.java</file>
            <file>file:/H:/neatbeans/Edac/src/exam1/hackerrank2.java</file>
            <file>file:/H:/neatbeans/Edac/src/exam1/UserSum.java</file>
            <file>file:/H:/neatbeans/Edac/src/edac/InvertedFullPyramid.java</file>
            <file>file:/H:/neatbeans/Edac/src/exam1/ArrayaMaximum.java</file>
            <file>file:/H:/neatbeans/Edac/src/newpackage/ThisTest.java</file>
            <file>file:/H:/neatbeans/Edac/src/exam1/ArrayUsermax.java</file>
            <file>file:/H:/neatbeans/Edac/src/Oct2/PrimeNum.java</file>
            <file>file:/H:/neatbeans/Edac/src/newpackage/Demo.java</file>
            <file>file:/H:/neatbeans/Edac/src/Octstring3/StringSorting.java</file>
            <file>file:/H:/neatbeans/Edac/src/newpackage/Status.java</file>
            <file>file:/H:/neatbeans/Edac/src/Oct3/Day4.java</file>
            <file>file:/H:/neatbeans/Edac/src/exam1/Constructor.java</file>
            <file>file:/H:/neatbeans/Edac/src/edac/Pattern5.java</file>
            <file>file:/H:/neatbeans/Edac/src/edac/FullPyramid.java</file>
            <file>file:/H:/neatbeans/Edac/src/Octstring3/Box3.java</file>
            <file>file:/H:/neatbeans/Edac/src/exam1/Array2.java</file>
            <file>file:/H:/neatbeans/Edac/src/newpackage/ObjectClass.java</file>
            <file>file:/H:/neatbeans/Edac/src/newpackage/CopyConstructor.java</file>
            <file>file:/H:/neatbeans/Edac/src/newpackage/ArrayMax.java</file>
            <file>file:/H:/neatbeans/Edac/src/newpackage/Array2.java</file>
            <file>file:/H:/neatbeans/Edac/src/InvertedPyramidPattern7.java</file>
            <file>file:/H:/neatbeans/Edac/src/newpackage/AssociationDemo.java</file>
            <file>file:/H:/neatbeans/Edac/src/exam1/Dpyramid.java</file>
            <file>file:/H:/neatbeans/Edac/src/newpackage/StaticTest.java</file>
            <file>file:/H:/neatbeans/Edac/src/edac/Pattern4.java</file>
            <file>file:/H:/neatbeans/Edac/src/newpackage/InterfaceDemo.java</file>
            <file>file:/H:/neatbeans/Edac/src/Oct2/Banking1.java</file>
            <file>file:/H:/neatbeans/Edac/src/exam1/SearchArray.java</file>
            <file>file:/H:/neatbeans/Edac/src/newpackage/Array3.java</file>
            <file>file:/H:/neatbeans/Edac/src/newpackage/MethodRiding.java</file>
            <file>file:/H:/neatbeans/Edac/src/newpackage/NestedTryCatch.java</file>
            <file>file:/H:/neatbeans/Edac/src/newpackage/ArraySum.java</file>
            <file>file:/H:/neatbeans/Edac/src/exam1/Array3.java</file>
            <file>file:/H:/neatbeans/Edac/src/newpackage/AccessTest.java</file>
            <file>file:/H:/neatbeans/Edac/src/newpackage/MethodLoading.java</file>
            <file>file:/H:/neatbeans/Edac/src/Oct2/TestDemo.java</file>
            <file>file:/H:/neatbeans/Edac/src/exam1/ArraySum.java</file>
            <file>file:/H:/neatbeans/Edac/src/edac/HollowFullPyramid.java</file>
            <file>file:/H:/neatbeans/Edac/src/Octstring3/Access3.java</file>
            <file>file:/H:/neatbeans/Edac/src/newpackage/AccessibilityTest.java</file>
            <file>file:/H:/neatbeans/Edac/src/Octstring3/constructor.java</file>
            <file>file:/H:/neatbeans/Edac/src/exam1/Array1.java</file>
            <file>file:/H:/neatbeans/Edac/src/newpackage/AccessSpecifier.java</file>
            <file>file:/H:/neatbeans/Edac/src/exam1/Array4.java</file>
            <file>file:/H:/neatbeans/Edac/src/newpackage/Array4.java</file>
            <file>file:/H:/neatbeans/Edac/src/exam1/ArrayMin.java</file>
            <file>file:/H:/neatbeans/Edac/src/newpackage/ExceptionHandling.java</file>
            <file>file:/H:/neatbeans/Edac/src/Oct2/PrimeNo2.java</file>
            <file>file:/H:/neatbeans/Edac/src/newpackage/AbstractTest.java</file>
            <file>file:/H:/neatbeans/Edac/src/Oct2/reverseA.java</file>
            <file>file:/H:/neatbeans/Edac/src/Octstring3/StringTest1.java</file>
            <file>file:/H:/neatbeans/Edac/src/newpackage/ExceptionDemo.java</file>
            <file>file:/H:/neatbeans/Edac/src/edac/InvertedPyramid2.java</file>
            <file>file:/H:/neatbeans/Edac/src/Octstring3/Box.java</file>
            <file>file:/H:/neatbeans/Edac/src/edac/Pattern3.java</file>
            <file>file:/H:/neatbeans/Edac/src/exam1/ArrayMax.java</file>
            <file>file:/H:/neatbeans/Edac/src/Octstring3/Access.java</file>
        </group>
    </open-files>
</project-private>
